"DeliveredQuantity__c","DeliveryDate__c"
"2","2024-09-02T00:00:00.000+0000"
"5","2024-09-02T00:00:00.000+0000"
"19","2024-08-14T21:00:00.000+0000"
"1","2024-08-15T00:00:00.000+0000"
"1","2024-09-30T00:00:00.000+0000"
"1","2024-09-10T00:00:00.000+0000"
"3","2024-05-08T00:00:00.000+0000"
"1","2024-05-15T00:00:00.000+0000"
"1","2024-06-05T00:00:00.000+0000"
"1","2024-07-04T00:00:00.000+0000"
"6","2024-08-29T00:00:00.000+0000"
"4","2024-05-13T00:00:00.000+0000"
"2","2024-08-22T00:00:00.000+0000"
"5","2024-05-16T00:00:00.000+0000"
"3","2024-05-20T00:00:00.000+0000"
"2","2024-05-15T00:00:00.000+0000"
"4","2024-05-29T00:00:00.000+0000"
"1","2024-07-11T00:00:00.000+0000"
"2","2024-05-28T00:00:00.000+0000"
"2","2024-10-10T00:00:00.000+0000"
"2","2024-06-12T00:00:00.000+0000"
"2","2024-05-30T00:00:00.000+0000"
"1","2024-06-17T00:00:00.000+0000"
"3","2024-05-23T00:00:00.000+0000"
"1","2024-08-26T00:00:00.000+0000"
"1","2024-07-11T00:00:00.000+0000"
"3","2024-08-20T00:00:00.000+0000"
"4","2024-07-04T00:00:00.000+0000"
"3","2024-09-04T00:00:00.000+0000"
"7","2024-09-12T00:00:00.000+0000"
"3","2024-10-03T00:00:00.000+0000"
"1","2024-09-26T00:00:00.000+0000"
"2","2024-09-05T00:00:00.000+0000"
"1","2024-09-26T00:00:00.000+0000"
"1","2024-07-01T00:00:00.000+0000"
"2","2024-06-11T00:00:00.000+0000"
"5","2021-07-12T00:00:00.000+0000"
"1","2024-10-04T00:00:00.000+0000"
"3","2024-08-12T00:00:00.000+0000"
"1","2024-10-01T00:00:00.000+0000"
"1","2024-09-09T00:00:00.000+0000"
"1","2024-05-29T00:00:00.000+0000"
"1","2024-08-21T00:00:00.000+0000"
"1","2024-07-11T00:00:00.000+0000"
"11","2024-06-13T00:00:00.000+0000"
"11","2024-10-17T00:00:00.000+0000"
"3","2024-08-15T00:00:00.000+0000"
"1","2024-07-18T00:00:00.000+0000"
"1","2024-10-14T00:00:00.000+0000"
"1","2024-07-08T00:00:00.000+0000"
"2","2024-08-21T00:00:00.000+0000"
"3","2024-06-10T00:00:00.000+0000"
"2","2024-09-16T00:00:00.000+0000"
"1","2024-07-09T00:00:00.000+0000"
"3","2024-06-24T00:00:00.000+0000"
"4","2024-10-02T00:00:00.000+0000"
"3","2024-09-25T00:00:00.000+0000"
"5","2024-08-13T00:00:00.000+0000"
"9","2024-10-03T00:00:00.000+0000"
"2","2024-10-07T00:00:00.000+0000"
"3","2024-09-23T00:00:00.000+0000"
"1","2024-10-17T00:00:00.000+0000"
"3","2024-09-12T00:00:00.000+0000"
"2","2024-09-24T00:00:00.000+0000"
"1","2024-09-19T00:00:00.000+0000"
"1","2024-09-19T00:00:00.000+0000"
"1","2024-09-18T00:00:00.000+0000"
"5","2024-10-17T00:00:00.000+0000"
"1","2024-10-24T00:00:00.000+0000"
"8","2024-10-16T00:00:00.000+0000"
"2","2021-05-19T00:00:00.000+0000"
"3","2021-05-31T00:00:00.000+0000"
"15","2021-04-12T00:00:00.000+0000"
"2","2021-06-16T00:00:00.000+0000"
"5","2021-07-07T00:00:00.000+0000"
"30","2021-04-14T00:00:00.000+0000"
"9","2021-04-07T00:00:00.000+0000"
"2","2021-08-16T00:00:00.000+0000"
"5","2021-04-26T00:00:00.000+0000"
"7","2021-06-21T00:00:00.000+0000"
"10","2021-05-24T00:00:00.000+0000"
"2","2021-06-28T00:00:00.000+0000"
"8","2021-04-19T00:00:00.000+0000"
"8","2021-06-30T00:00:00.000+0000"
"5","2021-05-03T00:00:00.000+0000"
"3","2021-05-05T00:00:00.000+0000"
"13","2021-04-21T00:00:00.000+0000"
"9","2021-04-28T00:00:00.000+0000"
"2","2021-04-28T00:00:00.000+0000"
"2","2021-05-26T00:00:00.000+0000"
"10","2021-06-07T00:00:00.000+0000"
"8","2021-05-10T00:00:00.000+0000"
"6","2021-05-12T00:00:00.000+0000"
"13","2021-06-14T00:00:00.000+0000"
"11","2021-06-02T00:00:00.000+0000"
"13","2021-07-14T00:00:00.000+0000"
"7","2021-07-05T00:00:00.000+0000"
"2","2021-07-14T00:00:00.000+0000"
"13","2021-08-30T00:00:00.000+0000"
"11","2021-09-13T00:00:00.000+0000"
"6","2021-05-19T00:00:00.000+0000"
"6","2021-08-16T00:00:00.000+0000"
"12","2021-06-09T00:00:00.000+0000"
"11","2021-08-18T00:00:00.000+0000"
"2","2021-06-02T00:00:00.000+0000"
"6","2021-08-23T00:00:00.000+0000"
"19","2021-06-23T00:00:00.000+0000"
"31","2021-09-15T00:00:00.000+0000"
"2","2021-07-12T00:00:00.000+0000"
"6","2021-09-20T00:00:00.000+0000"
"10","2021-08-25T00:00:00.000+0000"
"2","2021-09-01T00:00:00.000+0000"
"20","2021-09-06T00:00:00.000+0000"
"3","2021-09-08T00:00:00.000+0000"
"2","2021-09-06T00:00:00.000+0000"
"8","2021-09-01T00:00:00.000+0000"
"5","2021-10-18T00:00:00.000+0000"
"26","2021-09-22T00:00:00.000+0000"
"12","2021-09-29T00:00:00.000+0000"
"9","2021-10-04T00:00:00.000+0000"
"15","2021-09-27T00:00:00.000+0000"
"11","2021-11-08T00:00:00.000+0000"
"14","2021-10-11T00:00:00.000+0000"
"4","2021-10-06T00:00:00.000+0000"
"12","2021-11-01T00:00:00.000+0000"
"4","2021-10-13T00:00:00.000+0000"
"17","2021-11-03T00:00:00.000+0000"
"34","2021-10-27T00:00:00.000+0000"
"22","2021-10-20T00:00:00.000+0000"
"7","2021-11-10T00:00:00.000+0000"
"5","2021-10-25T00:00:00.000+0000"
"13","2021-11-15T00:00:00.000+0000"
"17","2021-11-17T00:00:00.000+0000"
"2","2021-11-17T00:00:00.000+0000"
"2","2021-11-22T00:00:00.000+0000"
"3","2021-11-22T00:00:00.000+0000"
"5","2021-11-24T00:00:00.000+0000"
"3","2022-02-14T00:00:00.000+0000"
"4","2022-01-18T00:00:00.000+0000"
"7","2022-02-16T00:00:00.000+0000"
"11","2022-01-26T00:00:00.000+0000"
"4","2021-11-29T00:00:00.000+0000"
"6","2021-12-01T00:00:00.000+0000"
"9","2022-02-24T00:00:00.000+0000"
"2","2022-03-30T00:00:00.000+0000"
"2","2022-05-16T00:00:00.000+0000"
"11","2022-02-10T00:00:00.000+0000"
"5","2022-03-31T00:00:00.000+0000"
"2","2022-02-21T00:00:00.000+0000"
"3","2022-03-23T00:00:00.000+0000"
"5","2022-03-02T00:00:00.000+0000"
"4","2022-04-04T00:00:00.000+0000"
"6","2022-02-15T00:00:00.000+0000"
"1","2022-01-10T00:00:00.000+0000"
"5","2021-12-15T00:00:00.000+0000"
"2","2022-02-21T00:00:00.000+0000"
"4","2022-03-03T00:00:00.000+0000"
"2","2022-01-31T00:00:00.000+0000"
"9","2022-01-24T00:00:00.000+0000"
"15","2022-03-01T00:00:00.000+0000"
"3","2022-01-10T00:00:00.000+0000"
"1","2022-02-07T00:00:00.000+0000"
"22","2021-12-29T00:00:00.000+0000"
"4","2022-03-14T00:00:00.000+0000"
"4","2022-01-11T00:00:00.000+0000"
"4","2022-03-28T00:00:00.000+0000"
"3","2022-02-09T00:00:00.000+0000"
"1","2022-05-04T00:00:00.000+0000"
"6","2022-01-31T00:00:00.000+0000"
"5","2021-12-20T00:00:00.000+0000"
"6","2022-04-28T00:00:00.000+0000"
"17","2021-12-06T00:00:00.000+0000"
"5","2021-12-13T00:00:00.000+0000"
"5","2022-02-03T00:00:00.000+0000"
"2","2022-01-19T00:00:00.000+0000"
"10","2022-02-01T00:00:00.000+0000"
"2","2022-02-22T00:00:00.000+0000"
"3","2022-03-24T00:00:00.000+0000"
"4","2022-04-14T00:00:00.000+0000"
"1","2022-01-12T00:00:00.000+0000"
"4","2022-02-17T00:00:00.000+0000"
"2","2022-03-09T00:00:00.000+0000"
"5","2022-01-25T00:00:00.000+0000"
"24","2022-04-25T00:00:00.000+0000"
"13","2022-02-02T00:00:00.000+0000"
"4","2021-12-08T00:00:00.000+0000"
"4","2022-03-08T00:00:00.000+0000"
"1","2022-04-27T00:00:00.000+0000"
"4","2022-04-13T00:00:00.000+0000"
"4","2022-02-09T00:00:00.000+0000"
"3","2022-03-10T00:00:00.000+0000"
"1","2022-04-07T00:00:00.000+0000"
"5","2022-03-17T00:00:00.000+0000"
"2","2022-01-20T00:00:00.000+0000"
"4","2022-02-23T00:00:00.000+0000"
"1","2022-03-07T00:00:00.000+0000"
"1","2022-01-27T00:00:00.000+0000"
"1","2022-01-17T00:00:00.000+0000"
"1","2022-02-08T00:00:00.000+0000"
"3","2022-01-13T00:00:00.000+0000"
"2","2022-05-10T00:00:00.000+0000"
"1","2022-04-11T00:00:00.000+0000"
"6","2022-05-02T00:00:00.000+0000"
"1","2022-04-21T00:00:00.000+0000"
"9","2022-05-17T00:00:00.000+0000"
"1","2022-04-21T00:00:00.000+0000"
"3","2022-03-21T00:00:00.000+0000"
"6","2022-04-26T00:00:00.000+0000"
"6","2022-03-29T00:00:00.000+0000"
"1","2022-03-30T00:00:00.000+0000"
"2","2022-05-09T00:00:00.000+0000"
"4","2022-04-12T00:00:00.000+0000"
"3","2022-05-03T00:00:00.000+0000"
"4","2022-06-01T00:00:00.000+0000"
"6","2022-04-19T00:00:00.000+0000"
"2","2022-05-31T00:00:00.000+0000"
"2","2022-06-08T00:00:00.000+0000"
"7","2022-05-05T00:00:00.000+0000"
"7","2022-04-20T00:00:00.000+0000"
"5","2022-05-18T00:00:00.000+0000"
"1","2022-04-13T00:00:00.000+0000"
"8","2022-05-12T00:00:00.000+0000"
"2","2022-05-11T00:00:00.000+0000"
"9","2022-05-19T00:00:00.000+0000"
"7","2022-05-23T00:00:00.000+0000"
"1","2022-05-24T00:00:00.000+0000"
"5","2022-05-11T00:00:00.000+0000"
"4","2022-05-25T00:00:00.000+0000"
"1","2022-05-30T00:00:00.000+0000"
"7","2022-06-14T00:00:00.000+0000"
"6","2022-06-02T00:00:00.000+0000"
"13","2022-06-07T00:00:00.000+0000"
"10","2022-06-09T00:00:00.000+0000"
"2","2022-06-08T00:00:00.000+0000"
"4","2022-06-13T00:00:00.000+0000"
"2","2022-08-17T00:00:00.000+0000"
"4","2022-06-20T00:00:00.000+0000"
"9","2022-06-22T00:00:00.000+0000"
"7","2022-07-14T00:00:00.000+0000"
"24","2022-07-07T00:00:00.000+0000"
"2","2022-07-06T00:00:00.000+0000"
"3","2022-10-04T00:00:00.000+0000"
"1","2022-08-30T00:00:00.000+0000"
"3","2022-08-16T00:00:00.000+0000"
"5","2022-06-16T00:00:00.000+0000"
"3","2022-07-13T00:00:00.000+0000"
"3","2022-09-06T00:00:00.000+0000"
"2","2022-06-21T00:00:00.000+0000"
"1","2022-11-01T00:00:00.000+0000"
"3","2022-09-19T00:00:00.000+0000"
"2","2022-09-07T00:00:00.000+0000"
"4","2022-07-05T00:00:00.000+0000"
"2","2022-10-05T00:00:00.000+0000"
"9","2022-08-22T00:00:00.000+0000"
"24","2022-06-15T00:00:00.000+0000"
"2","2022-09-22T00:00:00.000+0000"
"1","2022-07-12T00:00:00.000+0000"
"8","2022-10-26T00:00:00.000+0000"
"4","2022-10-31T00:00:00.000+0000"
"4","2022-06-30T00:00:00.000+0000"
"2","2022-06-20T00:00:00.000+0000"
"2","2022-06-28T00:00:00.000+0000"
"6","2022-08-17T00:00:00.000+0000"
"2","2022-11-16T00:00:00.000+0000"
"1","2022-06-27T00:00:00.000+0000"
"10","2022-12-08T00:00:00.000+0000"
"4","2022-07-11T00:00:00.000+0000"
"5","2022-09-13T00:00:00.000+0000"
"2","2022-08-29T00:00:00.000+0000"
"3","2022-10-19T00:00:00.000+0000"
"16","2022-09-21T00:00:00.000+0000"
"2","2022-08-15T00:00:00.000+0000"
"2","2022-09-12T00:00:00.000+0000"
"6","2022-08-25T00:00:00.000+0000"
"4","2022-09-15T00:00:00.000+0000"
"2","2022-10-25T00:00:00.000+0000"
"2","2022-08-24T00:00:00.000+0000"
"1","2022-06-29T00:00:00.000+0000"
"3","2022-06-21T00:00:00.000+0000"
"1","2022-09-20T00:00:00.000+0000"
"2","2022-09-07T00:00:00.000+0000"
"11","2022-09-29T00:00:00.000+0000"
"10","2022-11-14T00:00:00.000+0000"
"3","2022-09-14T00:00:00.000+0000"
"7","2022-11-07T00:00:00.000+0000"
"2","2022-10-17T00:00:00.000+0000"
"6","2022-10-27T00:00:00.000+0000"
"16","2022-09-08T00:00:00.000+0000"
"4","2022-10-20T00:00:00.000+0000"
"8","2023-01-16T00:00:00.000+0000"
"6","2022-10-03T00:00:00.000+0000"
"2","2022-11-08T00:00:00.000+0000"
"3","2022-12-05T00:00:00.000+0000"
"5","2023-01-04T00:00:00.000+0000"
"13","2023-01-31T00:00:00.000+0000"
"3","2023-02-16T00:00:00.000+0000"
"1","2022-09-27T00:00:00.000+0000"
"10","2022-12-15T00:00:00.000+0000"
"5","2022-10-06T00:00:00.000+0000"
"2","2022-11-09T00:00:00.000+0000"
"3","2023-01-11T00:00:00.000+0000"
"6","2023-01-25T00:00:00.000+0000"
"4","2022-11-24T00:00:00.000+0000"
"7","2022-11-17T00:00:00.000+0000"
"3","2022-10-24T00:00:00.000+0000"
"7","2022-11-30T00:00:00.000+0000"
"5","2022-11-03T00:00:00.000+0000"
"3","2022-12-29T00:00:00.000+0000"
"6","2022-11-21T00:00:00.000+0000"
"3","2022-12-14T00:00:00.000+0000"
"6","2022-12-20T00:00:00.000+0000"
"3","2023-01-03T00:00:00.000+0000"
"2","2023-01-10T00:00:00.000+0000"
"1","2022-12-01T00:00:00.000+0000"
"6","2023-01-02T00:00:00.000+0000"
"2","2023-01-05T00:00:00.000+0000"
"2","2022-11-10T00:00:00.000+0000"
"4","2023-01-19T00:00:00.000+0000"
"4","2022-11-22T00:00:00.000+0000"
"1","2022-12-06T00:00:00.000+0000"
"7","2023-01-12T00:00:00.000+0000"
"2","2023-04-05T00:00:00.000+0000"
"1","2023-03-02T00:00:00.000+0000"
"8","2023-01-30T00:00:00.000+0000"
"7","2022-12-07T00:00:00.000+0000"
"1","2023-03-27T00:00:00.000+0000"
"9","2022-11-28T00:00:00.000+0000"
"3","2023-02-20T00:00:00.000+0000"
"7","2022-12-21T00:00:00.000+0000"
"13","2023-03-08T00:00:00.000+0000"
"2","2023-04-04T00:00:00.000+0000"
"13","2023-02-09T00:00:00.000+0000"
"2","2023-03-15T00:00:00.000+0000"
"2","2023-04-03T00:00:00.000+0000"
"16","2023-01-26T00:00:00.000+0000"
"2","2022-12-13T00:00:00.000+0000"
"1","2023-03-14T00:00:00.000+0000"
"5","2023-01-24T00:00:00.000+0000"
"2","2023-03-16T00:00:00.000+0000"
"1","2022-12-12T00:00:00.000+0000"
"16","2022-11-29T00:00:00.000+0000"
"2","2023-03-20T00:00:00.000+0000"
"2","2023-03-27T00:00:00.000+0000"
"7","2023-02-06T00:00:00.000+0000"
"2","2023-03-28T00:00:00.000+0000"
"2","2023-03-06T00:00:00.000+0000"
"6","2023-04-11T00:00:00.000+0000"
"2","2023-02-22T00:00:00.000+0000"
"4","2023-02-21T00:00:00.000+0000"
"4","2023-03-09T00:00:00.000+0000"
"2","2023-03-22T00:00:00.000+0000"
"2","2023-02-01T00:00:00.000+0000"
"5","2023-02-07T00:00:00.000+0000"
"10","2023-03-29T00:00:00.000+0000"
"5","2023-03-13T00:00:00.000+0000"
"1","2023-03-09T00:00:00.000+0000"
"1","2023-02-27T00:00:00.000+0000"
"2","2023-03-07T00:00:00.000+0000"
"5","2023-02-02T00:00:00.000+0000"
"13","2023-03-23T00:00:00.000+0000"
"4","2023-02-21T00:00:00.000+0000"
"3","2023-03-08T00:00:00.000+0000"
"2","2023-03-30T00:00:00.000+0000"
"2","2023-02-28T00:00:00.000+0000"
"4","2023-05-03T00:00:00.000+0000"
"3","2023-06-13T00:00:00.000+0000"
"1","2023-05-25T00:00:00.000+0000"
"7","2023-04-13T00:00:00.000+0000"
"2","2023-04-18T00:00:00.000+0000"
"9","2023-05-04T00:00:00.000+0000"
"9","2023-04-12T00:00:00.000+0000"
"10","2023-05-22T00:00:00.000+0000"
"1","2023-06-07T00:00:00.000+0000"
"3","2023-05-30T00:00:00.000+0000"
"5","2023-05-15T00:00:00.000+0000"
"1","2023-04-26T00:00:00.000+0000"
"7","2023-05-09T00:00:00.000+0000"
"4","2023-04-17T00:00:00.000+0000"
"4","2023-05-23T00:00:00.000+0000"
"7","2023-05-08T00:00:00.000+0000"
"4","2023-05-02T00:00:00.000+0000"
"6","2023-05-11T00:00:00.000+0000"
"1","2023-05-29T00:00:00.000+0000"
"2","2023-04-25T00:00:00.000+0000"
"4","2023-05-10T00:00:00.000+0000"
"2","2023-05-31T00:00:00.000+0000"
"2","2023-08-29T00:00:00.000+0000"
"11","2023-08-24T00:00:00.000+0000"
"5","2023-07-11T00:00:00.000+0000"
"5","2023-08-23T00:00:00.000+0000"
"9","2023-09-25T00:00:00.000+0000"
"3","2023-06-27T00:00:00.000+0000"
"2","2023-05-15T00:00:00.000+0000"
"4","2023-07-13T00:00:00.000+0000"
"11","2023-06-01T00:00:00.000+0000"
"6","2023-06-28T00:00:00.000+0000"
"6","2023-06-29T00:00:00.000+0000"
"2","2023-08-22T00:00:00.000+0000"
"3","2023-10-10T00:00:00.000+0000"
"14","2023-09-14T00:00:00.000+0000"
"7","2023-10-11T00:00:00.000+0000"
"1","2023-10-16T00:00:00.000+0000"
"10","2023-08-16T00:00:00.000+0000"
"2","2023-06-28T00:00:00.000+0000"
"11","2023-06-26T00:00:00.000+0000"
"2","2023-09-28T00:00:00.000+0000"
"6","2023-08-28T00:00:00.000+0000"
"3","2023-10-09T00:00:00.000+0000"
"2","2023-09-21T00:00:00.000+0000"
"2","2023-09-18T00:00:00.000+0000"
"3","2023-10-04T00:00:00.000+0000"
"12","2023-08-15T00:00:00.000+0000"
"1","2023-09-19T00:00:00.000+0000"
"8","2023-10-02T00:00:00.000+0000"
"1","2023-09-12T00:00:00.000+0000"
"4","2023-10-03T00:00:00.000+0000"
"7","2023-07-06T00:00:00.000+0000"
"3","2023-07-03T00:00:00.000+0000"
"16","2023-09-04T00:00:00.000+0000"
"2","2023-10-19T00:00:00.000+0000"
"2","2023-08-30T00:00:00.000+0000"
"3","2023-08-31T00:00:00.000+0000"
"2","2023-08-21T00:00:00.000+0000"
"22","2023-11-23T00:00:00.000+0000"
"2","2023-07-05T00:00:00.000+0000"
"1","2023-09-20T00:00:00.000+0000"
"2","2023-07-10T00:00:00.000+0000"
"4","2023-09-27T00:00:00.000+0000"
"1","2023-08-30T00:00:00.000+0000"
"2","2023-11-20T00:00:00.000+0000"
"3","2023-10-12T00:00:00.000+0000"
"11","2023-10-24T00:00:00.000+0000"
"2","2023-10-25T00:00:00.000+0000"
"5","2023-09-05T00:00:00.000+0000"
"1","2023-09-11T00:00:00.000+0000"
"25","2023-11-16T00:00:00.000+0000"
"6","2023-09-07T00:00:00.000+0000"
"2","2023-10-18T00:00:00.000+0000"
"5","2023-10-17T00:00:00.000+0000"
"4","2023-09-13T00:00:00.000+0000"
"9","2023-09-26T00:00:00.000+0000"
"2","2023-10-23T00:00:00.000+0000"
"3","2023-12-11T00:00:00.000+0000"
"11","2023-10-05T00:00:00.000+0000"
"2","2023-11-14T00:00:00.000+0000"
"4","2023-10-26T00:00:00.000+0000"
"6","2024-01-04T00:00:00.000+0000"
"1","2023-11-09T00:00:00.000+0000"
"1","2023-11-13T00:00:00.000+0000"
"5","2024-01-23T00:00:00.000+0000"
"9","2023-11-30T00:00:00.000+0000"
"5","2023-11-28T00:00:00.000+0000"
"4","2023-11-29T00:00:00.000+0000"
"6","2023-12-04T00:00:00.000+0000"
"4","2023-12-06T00:00:00.000+0000"
"19","2023-11-21T00:00:00.000+0000"
"2","2023-12-18T00:00:00.000+0000"
"2","2023-12-13T00:00:00.000+0000"
"1","2023-11-22T00:00:00.000+0000"
"19","2023-11-15T00:00:00.000+0000"
"2","2023-10-30T00:00:00.000+0000"
"10","2023-12-14T00:00:00.000+0000"
"13","2023-12-05T00:00:00.000+0000"
"3","2023-10-31T00:00:00.000+0000"
"3","2023-12-12T00:00:00.000+0000"
"5","2023-12-20T00:00:00.000+0000"
"3","2024-01-29T00:00:00.000+0000"
"7","2023-12-07T00:00:00.000+0000"
"3","2023-11-07T00:00:00.000+0000"
"1","2023-11-02T00:00:00.000+0000"
"1","2023-11-27T00:00:00.000+0000"
"2","2023-11-06T00:00:00.000+0000"
"6","2024-01-25T00:00:00.000+0000"
"1","2024-01-24T00:00:00.000+0000"
"3","2024-01-22T00:00:00.000+0000"
"1","2024-01-26T00:00:00.000+0000"
"1","2024-01-30T00:00:00.000+0000"
"3","2024-01-18T00:00:00.000+0000"
"4","2023-12-19T00:00:00.000+0000"
"5","2023-12-28T00:00:00.000+0000"
"5","2024-01-17T00:00:00.000+0000"
"6","2024-01-16T00:00:00.000+0000"
"3","2024-01-31T00:00:00.000+0000"
"2","2023-12-21T00:00:00.000+0000"
"2","2024-01-15T00:00:00.000+0000"
"5","2024-01-11T00:00:00.000+0000"
"3","2024-02-05T00:00:00.000+0000"
"1","2024-03-06T00:00:00.000+0000"
"1","2024-02-28T00:00:00.000+0000"
"5","2024-02-14T00:00:00.000+0000"
"2","2024-03-18T00:00:00.000+0000"
"6","2024-03-13T00:00:00.000+0000"
"1","2024-02-07T00:00:00.000+0000"
"2","2024-02-13T00:00:00.000+0000"
"9","2024-02-15T00:00:00.000+0000"
"1","2024-03-04T00:00:00.000+0000"
"2","2024-02-06T00:00:00.000+0000"
"4","2024-03-14T00:00:00.000+0000"
"1","2024-03-11T00:00:00.000+0000"
"5","2024-02-19T00:00:00.000+0000"
"3","2024-02-29T00:00:00.000+0000"
"1","2024-03-08T00:00:00.000+0000"
"9","2024-02-27T00:00:00.000+0000"
"1","2024-02-19T00:00:00.000+0000"
"4","2024-02-26T00:00:00.000+0000"
"1","2024-02-21T00:00:00.000+0000"
"1","2024-02-26T00:00:00.000+0000"
"12","2024-03-05T00:00:00.000+0000"
"8","2024-03-12T00:00:00.000+0000"
"2","2024-03-07T00:00:00.000+0000"
"3","2024-04-29T00:00:00.000+0000"
"1","2024-04-03T00:00:00.000+0000"
"2","2024-04-02T00:00:00.000+0000"
"1","2024-04-17T00:00:00.000+0000"
"5","2024-03-20T00:00:00.000+0000"
"5","2024-03-21T00:00:00.000+0000"
"1","2024-04-10T00:00:00.000+0000"
"3","2024-04-22T00:00:00.000+0000"
"8","2024-03-28T00:00:00.000+0000"
"1","2024-04-23T00:00:00.000+0000"
"2","2024-03-27T00:00:00.000+0000"
"1","2024-04-30T00:00:00.000+0000"
"5","2024-03-25T00:00:00.000+0000"
"3","2024-03-26T00:00:00.000+0000"
"7","2024-05-02T00:00:00.000+0000"
"2","2024-04-03T00:00:00.000+0000"
"2","2024-04-25T00:00:00.000+0000"
"1","2024-04-24T00:00:00.000+0000"
"13","2024-04-11T00:00:00.000+0000"
"1","2024-05-14T00:00:00.000+0000"
"2","2024-04-02T00:00:00.000+0000"
"3","2024-04-15T00:00:00.000+0000"
"1","2024-05-07T00:00:00.000+0000"
"2","2024-04-18T00:00:00.000+0000"
"11","2024-04-04T00:00:00.000+0000"
"1","2024-03-25T00:00:00.000+0000"
"10","2019-05-06T00:00:00.000+0000"
"40","2019-03-17T22:00:00.000+0000"
"15","2018-09-10T00:00:00.000+0000"
"40","2018-08-19T21:00:00.000+0000"
"20","2020-01-22T22:00:00.000+0000"
"20","2020-03-15T22:00:00.000+0000"
"40","2018-09-11T21:00:00.000+0000"
"8","2018-11-19T00:00:00.000+0000"
"20","2020-01-07T22:00:00.000+0000"
"20","2019-09-03T21:00:00.000+0000"
"20","2019-09-08T21:00:00.000+0000"
"23","2020-01-15T00:00:00.000+0000"
"20","2020-02-05T22:00:00.000+0000"
"40","2019-12-17T22:00:00.000+0000"
"40","2020-01-12T22:00:00.000+0000"
"11","2020-02-03T00:00:00.000+0000"
"20","2019-12-08T22:00:00.000+0000"
"20","2019-09-01T21:00:00.000+0000"
"40","2020-09-29T21:00:00.000+0000"
"8","2020-11-04T00:00:00.000+0000"
"4","2020-08-19T00:00:00.000+0000"
"7","2020-01-27T00:00:00.000+0000"
"40","2019-09-22T21:00:00.000+0000"
"1","2019-10-07T00:00:00.000+0000"
"40","2019-08-04T21:00:00.000+0000"
"40","2020-11-15T22:00:00.000+0000"
"40","2018-09-12T21:00:00.000+0000"
"21","2018-10-10T00:00:00.000+0000"
"40","2021-01-04T22:00:00.000+0000"
"11","2021-03-17T00:00:00.000+0000"
"6","2020-07-08T00:00:00.000+0000"
"6","2020-09-23T00:00:00.000+0000"
"9","2020-06-17T00:00:00.000+0000"
"6","2020-06-24T00:00:00.000+0000"
"7","2020-10-28T00:00:00.000+0000"
"7","2020-07-01T00:00:00.000+0000"
"8","2020-06-22T00:00:00.000+0000"
"4","2020-12-07T00:00:00.000+0000"
"1","2020-07-06T00:00:00.000+0000"
"16","2020-09-14T00:00:00.000+0000"
"8","2020-11-11T00:00:00.000+0000"
"7","2020-09-30T00:00:00.000+0000"
"17","2020-10-14T00:00:00.000+0000"
"1","2020-11-09T00:00:00.000+0000"
"2","2020-09-07T00:00:00.000+0000"
"8","2020-08-24T00:00:00.000+0000"
"3","2020-09-21T00:00:00.000+0000"
"9","2020-10-12T00:00:00.000+0000"
"13","2021-02-03T00:00:00.000+0000"
"6","2020-09-23T00:00:00.000+0000"
"3","2020-08-26T00:00:00.000+0000"
"2","2020-08-31T00:00:00.000+0000"
"8","2020-09-09T00:00:00.000+0000"
"17","2020-10-07T00:00:00.000+0000"
"21","2020-09-16T00:00:00.000+0000"
"3","2020-09-18T00:00:00.000+0000"
"1","2021-01-11T00:00:00.000+0000"
"1","2020-09-16T00:00:00.000+0000"
"4","2020-11-23T00:00:00.000+0000"
"13","2020-12-09T00:00:00.000+0000"
"2","2020-10-05T00:00:00.000+0000"
"4","2020-08-12T00:00:00.000+0000"
"2","2020-10-19T00:00:00.000+0000"
"32","2020-11-18T00:00:00.000+0000"
"2","2020-10-26T00:00:00.000+0000"
"1","2020-09-28T00:00:00.000+0000"
"5","2020-11-16T00:00:00.000+0000"
"3","2020-10-21T00:00:00.000+0000"
"16","2021-01-13T00:00:00.000+0000"
"2","2020-12-14T00:00:00.000+0000"
"4","2021-02-10T00:00:00.000+0000"
"13","2021-02-17T00:00:00.000+0000"
"8","2021-02-22T00:00:00.000+0000"
"9","2021-02-15T00:00:00.000+0000"
"3","2021-01-27T00:00:00.000+0000"
"2","2021-02-01T00:00:00.000+0000"
"4","2021-02-08T00:00:00.000+0000"
"11","2021-01-25T00:00:00.000+0000"
"6","2021-03-10T00:00:00.000+0000"
"10","2021-02-24T00:00:00.000+0000"
"1","2021-01-18T00:00:00.000+0000"
"3","2021-03-01T00:00:00.000+0000"
"6","2021-03-03T00:00:00.000+0000"
"5","2021-01-20T00:00:00.000+0000"
"3","2020-12-21T00:00:00.000+0000"
"18","2021-01-04T00:00:00.000+0000"
"6","2020-11-02T00:00:00.000+0000"
"7","2021-03-08T00:00:00.000+0000"
"1","2021-02-18T00:00:00.000+0000"
"5","2020-11-25T00:00:00.000+0000"
"3","2020-12-02T00:00:00.000+0000"
"30","2020-11-30T00:00:00.000+0000"
"11","2020-12-16T00:00:00.000+0000"
"2","2021-03-10T00:00:00.000+0000"
"14","2021-03-31T00:00:00.000+0000"
"5","2021-03-24T00:00:00.000+0000"
"1","2021-03-15T00:00:00.000+0000"
"10","2021-03-29T00:00:00.000+0000"
"4","2021-03-22T00:00:00.000+0000"
"6","2020-06-01T00:00:00.000+0000"
"3","2020-05-11T00:00:00.000+0000"
"11","2020-05-13T00:00:00.000+0000"
"2","2020-06-10T00:00:00.000+0000"
"9","2020-05-18T00:00:00.000+0000"
"17","2020-05-27T00:00:00.000+0000"
"2","2020-04-20T00:00:00.000+0000"
"4","2020-05-06T00:00:00.000+0000"
"3","2020-06-03T00:00:00.000+0000"
"7","2020-05-25T00:00:00.000+0000"
"2","2020-06-17T00:00:00.000+0000"
"2","2020-05-25T00:00:00.000+0000"
"11","2020-04-27T00:00:00.000+0000"
"5","2020-06-15T00:00:00.000+0000"
"3","2020-04-27T00:00:00.000+0000"
"11","2020-06-08T00:00:00.000+0000"
"6","2020-04-22T00:00:00.000+0000"
"8","2020-04-08T00:00:00.000+0000"
"9","2020-04-29T00:00:00.000+0000"
"2","2020-05-04T00:00:00.000+0000"
"2","2020-04-15T00:00:00.000+0000"
"4","2020-03-09T00:00:00.000+0000"
"2","2020-02-19T00:00:00.000+0000"
"6","2020-03-02T00:00:00.000+0000"
"9","2020-02-10T00:00:00.000+0000"
"16","2020-03-04T00:00:00.000+0000"
"8","2020-03-18T00:00:00.000+0000"
"3","2020-03-16T00:00:00.000+0000"
"1","2020-01-27T00:00:00.000+0000"
"7","2020-03-25T00:00:00.000+0000"
"5","2020-03-11T00:00:00.000+0000"
"4","2020-01-29T00:00:00.000+0000"
"5","2020-02-12T00:00:00.000+0000"
"5","2019-11-27T00:00:00.000+0000"
"4","2020-02-05T00:00:00.000+0000"
"6","2020-02-17T00:00:00.000+0000"
"8","2020-02-26T00:00:00.000+0000"
"7","2020-02-24T00:00:00.000+0000"
"5","2019-11-20T00:00:00.000+0000"
"9","2020-01-22T00:00:00.000+0000"
"2","2019-12-09T00:00:00.000+0000"
"1","2019-11-11T00:00:00.000+0000"
"2","2019-11-25T00:00:00.000+0000"
"11","2020-01-08T00:00:00.000+0000"
"11","2019-12-04T00:00:00.000+0000"
"24","2020-01-13T00:00:00.000+0000"
"5","2020-01-20T00:00:00.000+0000"
"6","2019-12-09T00:00:00.000+0000"
"4","2019-12-02T00:00:00.000+0000"
"1","2019-12-09T00:00:00.000+0000"
"6","2019-08-21T00:00:00.000+0000"
"1","2019-12-05T00:00:00.000+0000"
"21","2019-09-25T00:00:00.000+0000"
"14","2019-10-14T00:00:00.000+0000"
"13","2019-10-23T00:00:00.000+0000"
"7","2019-12-11T00:00:00.000+0000"
"3","2019-11-06T00:00:00.000+0000"
"3","2019-09-02T00:00:00.000+0000"
"20","2019-12-18T00:00:00.000+0000"
"25","2019-12-16T00:00:00.000+0000"
"11","2019-09-16T00:00:00.000+0000"
"17","2019-11-13T00:00:00.000+0000"
"1","2019-12-04T00:00:00.000+0000"
"3","2019-10-30T00:00:00.000+0000"
"27","2019-09-18T00:00:00.000+0000"
"9","2019-10-16T00:00:00.000+0000"
"4","2019-11-11T00:00:00.000+0000"
"2","2019-10-02T00:00:00.000+0000"
"2","2019-09-04T00:00:00.000+0000"
"3","2019-08-12T00:00:00.000+0000"
"4","2019-10-21T00:00:00.000+0000"
"8","2019-10-28T00:00:00.000+0000"
"15","2019-10-30T00:00:00.000+0000"
"3","2019-11-06T00:00:00.000+0000"
"4","2019-11-04T00:00:00.000+0000"
"3","2019-09-16T00:00:00.000+0000"
"3","2019-08-14T00:00:00.000+0000"
"5","2019-09-23T00:00:00.000+0000"
"14","2019-11-18T00:00:00.000+0000"
"4","2019-09-30T00:00:00.000+0000"
"7","2019-09-11T00:00:00.000+0000"
"15","2019-10-09T00:00:00.000+0000"
"22","2019-08-28T00:00:00.000+0000"
"3","2019-10-09T00:00:00.000+0000"
"2","2019-08-26T00:00:00.000+0000"
"4","2019-07-10T00:00:00.000+0000"
"9","2019-09-09T00:00:00.000+0000"
"7","2019-08-19T00:00:00.000+0000"
"21","2019-04-24T00:00:00.000+0000"
"1","2019-07-01T00:00:00.000+0000"
"21","2019-08-21T00:00:00.000+0000"
"12","2019-04-29T00:00:00.000+0000"
"11","2019-07-08T00:00:00.000+0000"
"6","2019-07-03T00:00:00.000+0000"
"17","2019-05-27T00:00:00.000+0000"
"7","2019-06-03T00:00:00.000+0000"
"6","2019-05-29T00:00:00.000+0000"
"5","2019-06-17T00:00:00.000+0000"
"17","2019-06-10T00:00:00.000+0000"
"21","2019-05-29T00:00:00.000+0000"
"24","2019-08-14T00:00:00.000+0000"
"9","2019-08-12T00:00:00.000+0000"
"4","2019-06-05T00:00:00.000+0000"
"10","2019-05-13T00:00:00.000+0000"
"13","2019-06-19T00:00:00.000+0000"
"4","2019-08-05T00:00:00.000+0000"
"11","2019-05-08T00:00:00.000+0000"
"13","2019-05-20T00:00:00.000+0000"
"22","2019-06-12T00:00:00.000+0000"
"11","2019-06-26T00:00:00.000+0000"
"13","2019-05-15T00:00:00.000+0000"
"3","2019-06-24T00:00:00.000+0000"
"1","2019-04-30T00:00:00.000+0000"
"11","2019-05-22T00:00:00.000+0000"
"11","2017-12-11T00:00:00.000+0000"
"0","2024-11-19T00:00:00.000+0000"
"4","2018-08-20T00:00:00.000+0000"
"9","2016-02-01T00:00:00.000+0000"
"4","2015-11-11T00:00:00.000+0000"
"7","2015-12-14T00:00:00.000+0000"
"3","2018-09-24T00:00:00.000+0000"
"7","2017-07-10T00:00:00.000+0000"
"1","2017-04-24T00:00:00.000+0000"
"1","2018-07-02T00:00:00.000+0000"
"4","2016-05-02T00:00:00.000+0000"
"10","2018-10-08T00:00:00.000+0000"
"10","2015-10-19T00:00:00.000+0000"
"10","2017-08-23T00:00:00.000+0000"
"3","2015-10-05T00:00:00.000+0000"
"11","2017-02-15T00:00:00.000+0000"
"5","2016-03-07T00:00:00.000+0000"
"2","2017-01-02T00:00:00.000+0000"
"1","2017-05-15T00:00:00.000+0000"
"24","2018-03-14T00:00:00.000+0000"
"4","2019-02-18T00:00:00.000+0000"
"1","2016-04-13T00:00:00.000+0000"
"7","2018-12-17T00:00:00.000+0000"
"3","2018-09-26T00:00:00.000+0000"
"2","2018-03-26T00:00:00.000+0000"
"21","2018-03-26T00:00:00.000+0000"
"9","2016-11-30T00:00:00.000+0000"
"1","2016-05-23T00:00:00.000+0000"
"4","2016-06-15T00:00:00.000+0000"
"18","2018-05-28T00:00:00.000+0000"
"19","2018-10-03T00:00:00.000+0000"
"3","2016-02-08T00:00:00.000+0000"
"2","2015-11-09T00:00:00.000+0000"
"1","2017-06-14T00:00:00.000+0000"
"15","2015-10-21T00:00:00.000+0000"
"5","2015-10-26T00:00:00.000+0000"
"3","2015-11-04T00:00:00.000+0000"
"7","2015-11-16T00:00:00.000+0000"
"2","2015-11-18T00:00:00.000+0000"
"6","2015-11-23T00:00:00.000+0000"
"4","2015-12-02T00:00:00.000+0000"
"3","2015-12-07T00:00:00.000+0000"
"15","2015-12-09T00:00:00.000+0000"
"15","2015-11-30T00:00:00.000+0000"
"8","2015-12-16T00:00:00.000+0000"
"2","2015-12-21T00:00:00.000+0000"
"1","2015-12-30T00:00:00.000+0000"
"4","2016-01-11T00:00:00.000+0000"
"5","2016-01-18T00:00:00.000+0000"
"4","2015-12-28T00:00:00.000+0000"
"2","2016-01-25T00:00:00.000+0000"
"4","2016-01-27T00:00:00.000+0000"
"3","2016-01-20T00:00:00.000+0000"
"16","2016-02-03T00:00:00.000+0000"
"1","2016-02-17T00:00:00.000+0000"
"3","2016-02-10T00:00:00.000+0000"
"4","2016-02-29T00:00:00.000+0000"
"7","2016-03-02T00:00:00.000+0000"
"1","2016-02-22T00:00:00.000+0000"
"1","2016-02-24T00:00:00.000+0000"
"5","2016-03-09T00:00:00.000+0000"
"17","2016-03-14T00:00:00.000+0000"
"5","2016-03-23T00:00:00.000+0000"
"15","2016-03-30T00:00:00.000+0000"
"2","2016-03-21T00:00:00.000+0000"
"2","2016-04-04T00:00:00.000+0000"
"1","2016-04-06T00:00:00.000+0000"
"3","2016-04-18T00:00:00.000+0000"
"1","2016-05-04T00:00:00.000+0000"
"3","2016-04-27T00:00:00.000+0000"
"9","2016-05-18T00:00:00.000+0000"
"1","2016-05-11T00:00:00.000+0000"
"4","2016-06-01T00:00:00.000+0000"
"7","2016-05-25T00:00:00.000+0000"
"13","2016-05-30T00:00:00.000+0000"
"2","2016-06-08T00:00:00.000+0000"
"1","2016-06-27T00:00:00.000+0000"
"42","2016-06-29T00:00:00.000+0000"
"4","2016-06-20T00:00:00.000+0000"
"22","2016-11-02T00:00:00.000+0000"
"7","2016-06-22T00:00:00.000+0000"
"4","2016-07-11T00:00:00.000+0000"
"1","2016-06-20T00:00:00.000+0000"
"1","2016-07-04T00:00:00.000+0000"
"1","2016-07-06T00:00:00.000+0000"
"12","2016-08-17T00:00:00.000+0000"
"14","2016-07-13T00:00:00.000+0000"
"13","2016-08-31T00:00:00.000+0000"
"4","2016-08-15T00:00:00.000+0000"
"2","2016-08-08T00:00:00.000+0000"
"1","2016-08-24T00:00:00.000+0000"
"1","2017-10-09T00:00:00.000+0000"
"1","2016-10-05T00:00:00.000+0000"
"1","2016-09-07T00:00:00.000+0000"
"4","2016-09-14T00:00:00.000+0000"
"9","2018-09-12T00:00:00.000+0000"
"1","2016-09-19T00:00:00.000+0000"
"1","2016-09-26T00:00:00.000+0000"
"1","2016-09-28T00:00:00.000+0000"
"6","2016-10-03T00:00:00.000+0000"
"6","2018-04-16T00:00:00.000+0000"
"8","2016-10-17T00:00:00.000+0000"
"2","2016-10-19T00:00:00.000+0000"
"1","2016-10-24T00:00:00.000+0000"
"1","2016-10-26T00:00:00.000+0000"
"6","2016-10-31T00:00:00.000+0000"
"1","2016-11-09T00:00:00.000+0000"
"4","2016-11-14T00:00:00.000+0000"
"9","2016-11-16T00:00:00.000+0000"
"7","2016-11-21T00:00:00.000+0000"
"5","2016-11-23T00:00:00.000+0000"
"1","2016-11-28T00:00:00.000+0000"
"1","2016-11-21T00:00:00.000+0000"
"6","2016-12-05T00:00:00.000+0000"
"11","2016-12-07T00:00:00.000+0000"
"1","2016-12-07T00:00:00.000+0000"
"1","2016-12-12T00:00:00.000+0000"
"4","2016-12-21T00:00:00.000+0000"
"11","2016-12-28T00:00:00.000+0000"
"19","2017-01-04T00:00:00.000+0000"
"4","2018-10-01T00:00:00.000+0000"
"15","2018-11-05T00:00:00.000+0000"
"4","2017-01-11T00:00:00.000+0000"
"11","2017-01-16T00:00:00.000+0000"
"4","2017-01-18T00:00:00.000+0000"
"4","2017-01-25T00:00:00.000+0000"
"9","2017-01-30T00:00:00.000+0000"
"5","2017-01-30T00:00:00.000+0000"
"7","2017-02-06T00:00:00.000+0000"
"11","2017-02-08T00:00:00.000+0000"
"1","2017-02-13T00:00:00.000+0000"
"17","2017-02-01T00:00:00.000+0000"
"9","2017-02-20T00:00:00.000+0000"
"1","2017-02-22T00:00:00.000+0000"
"2","2017-02-13T00:00:00.000+0000"
"5","2017-03-01T00:00:00.000+0000"
"6","2017-03-06T00:00:00.000+0000"
"4","2017-03-08T00:00:00.000+0000"
"2","2017-02-27T00:00:00.000+0000"
"3","2017-03-15T00:00:00.000+0000"
"2","2017-03-08T00:00:00.000+0000"
"11","2017-03-20T00:00:00.000+0000"
"3","2017-03-13T00:00:00.000+0000"
"3","2017-03-29T00:00:00.000+0000"
"2","2017-03-13T00:00:00.000+0000"
"2","2017-04-05T00:00:00.000+0000"
"4","2017-04-10T00:00:00.000+0000"
"3","2017-04-12T00:00:00.000+0000"
"16","2017-04-19T00:00:00.000+0000"
"3","2017-05-03T00:00:00.000+0000"
"3","2017-05-08T00:00:00.000+0000"
"1","2017-04-26T00:00:00.000+0000"
"2","2017-05-17T00:00:00.000+0000"
"8","2017-05-15T00:00:00.000+0000"
"9","2017-05-31T00:00:00.000+0000"
"12","2017-06-12T00:00:00.000+0000"
"30","2017-06-07T00:00:00.000+0000"
"8","2017-06-26T00:00:00.000+0000"
"6","2017-06-21T00:00:00.000+0000"
"4","2017-07-05T00:00:00.000+0000"
"20","2017-06-28T00:00:00.000+0000"
"6","2017-11-08T00:00:00.000+0000"
"2","2017-07-03T00:00:00.000+0000"
"15","2017-08-14T00:00:00.000+0000"
"8","2017-08-16T00:00:00.000+0000"
"6","2017-08-14T00:00:00.000+0000"
"12","2017-08-28T00:00:00.000+0000"
"1","2017-07-10T00:00:00.000+0000"
"4","2017-08-21T00:00:00.000+0000"
"3","2019-03-27T00:00:00.000+0000"
"18","2017-08-30T00:00:00.000+0000"
"18","2018-08-27T00:00:00.000+0000"
"4","2017-09-11T00:00:00.000+0000"
"4","2017-09-04T00:00:00.000+0000"
"7","2017-09-06T00:00:00.000+0000"
"1","2017-09-14T00:00:00.000+0000"
"65","2017-09-25T00:00:00.000+0000"
"9","2017-09-13T00:00:00.000+0000"
"8","2018-01-24T00:00:00.000+0000"
"1","2017-09-06T00:00:00.000+0000"
"22","2017-09-18T00:00:00.000+0000"
"32","2017-09-20T00:00:00.000+0000"
"2","2017-09-18T00:00:00.000+0000"
"1","2018-05-16T00:00:00.000+0000"
"16","2018-05-30T00:00:00.000+0000"
"13","2017-09-27T00:00:00.000+0000"
"7","2017-10-02T00:00:00.000+0000"
"46","2018-11-21T00:00:00.000+0000"
"10","2017-10-04T00:00:00.000+0000"
"6","2017-10-09T00:00:00.000+0000"
"13","2017-10-11T00:00:00.000+0000"
"1","2017-10-04T00:00:00.000+0000"
"20","2017-10-16T00:00:00.000+0000"
"31","2017-10-18T00:00:00.000+0000"
"1","2017-10-11T00:00:00.000+0000"
"24","2017-10-23T00:00:00.000+0000"
"10","2017-10-25T00:00:00.000+0000"
"12","2017-10-30T00:00:00.000+0000"
"8","2017-11-01T00:00:00.000+0000"
"24","2017-11-06T00:00:00.000+0000"
"28","2017-11-13T00:00:00.000+0000"
"30","2017-11-15T00:00:00.000+0000"
"11","2017-11-20T00:00:00.000+0000"
"15","2017-11-22T00:00:00.000+0000"
"3","2017-11-27T00:00:00.000+0000"
"2","2017-11-29T00:00:00.000+0000"
"1","2017-12-29T00:00:00.000+0000"
"2","2018-01-03T00:00:00.000+0000"
"7","2017-12-04T00:00:00.000+0000"
"3","2017-12-06T00:00:00.000+0000"
"23","2017-12-13T00:00:00.000+0000"
"8","2017-12-18T00:00:00.000+0000"
"24","2017-12-20T00:00:00.000+0000"
"9","2018-01-03T00:00:00.000+0000"
"5","2018-01-15T00:00:00.000+0000"
"21","2018-01-17T00:00:00.000+0000"
"1","2018-01-09T00:00:00.000+0000"
"12","2018-01-22T00:00:00.000+0000"
"10","2018-01-31T00:00:00.000+0000"
"8","2018-01-31T00:00:00.000+0000"
"11","2018-02-07T00:00:00.000+0000"
"1","2018-01-31T00:00:00.000+0000"
"17","2018-02-14T00:00:00.000+0000"
"3","2018-02-05T00:00:00.000+0000"
"4","2018-02-19T00:00:00.000+0000"
"4","2018-02-21T00:00:00.000+0000"
"9","2018-02-26T00:00:00.000+0000"
"8","2018-03-05T00:00:00.000+0000"
"10","2018-03-07T00:00:00.000+0000"
"19","2018-02-28T00:00:00.000+0000"
"8","2018-03-19T00:00:00.000+0000"
"1","2018-03-12T00:00:00.000+0000"
"23","2018-03-28T00:00:00.000+0000"
"1","2018-04-04T00:00:00.000+0000"
"33","2018-03-21T00:00:00.000+0000"
"2","2018-03-28T00:00:00.000+0000"
"15","2018-04-11T00:00:00.000+0000"
"11","2018-04-09T00:00:00.000+0000"
"4","2018-04-23T00:00:00.000+0000"
"22","2018-04-25T00:00:00.000+0000"
"29","2018-04-18T00:00:00.000+0000"
"5","2018-05-07T00:00:00.000+0000"
"17","2018-05-14T00:00:00.000+0000"
"35","2018-05-02T00:00:00.000+0000"
"3","2018-05-23T00:00:00.000+0000"
"12","2018-05-16T00:00:00.000+0000"
"11","2018-05-21T00:00:00.000+0000"
"5","2018-06-04T00:00:00.000+0000"
"9","2018-06-18T00:00:00.000+0000"
"6","2018-06-11T00:00:00.000+0000"
"9","2018-06-13T00:00:00.000+0000"
"3","2018-06-20T00:00:00.000+0000"
"2","2018-06-25T00:00:00.000+0000"
"12","2018-06-27T00:00:00.000+0000"
"13","2018-07-11T00:00:00.000+0000"
"10","2018-07-02T00:00:00.000+0000"
"23","2018-07-04T00:00:00.000+0000"
"5","2018-07-09T00:00:00.000+0000"
"8","2018-08-15T00:00:00.000+0000"
"16","2018-08-13T00:00:00.000+0000"
"1","2018-07-11T00:00:00.000+0000"
"16","2018-08-22T00:00:00.000+0000"
"16","2018-08-29T00:00:00.000+0000"
"16","2018-09-03T00:00:00.000+0000"
"13","2018-09-05T00:00:00.000+0000"
"9","2018-09-17T00:00:00.000+0000"
"1","2018-09-19T00:00:00.000+0000"
"15","2019-03-04T00:00:00.000+0000"
"13","2018-09-17T00:00:00.000+0000"
"2","2018-10-15T00:00:00.000+0000"
"9","2018-10-17T00:00:00.000+0000"
"4","2018-10-22T00:00:00.000+0000"
"16","2018-10-24T00:00:00.000+0000"
"11","2018-10-29T00:00:00.000+0000"
"29","2018-11-07T00:00:00.000+0000"
"1","2018-10-31T00:00:00.000+0000"
"3","2018-11-12T00:00:00.000+0000"
"19","2018-10-31T00:00:00.000+0000"
"1","2018-11-05T00:00:00.000+0000"
"18","2018-11-14T00:00:00.000+0000"
"1","2018-11-14T00:00:00.000+0000"
"1","2018-11-14T00:00:00.000+0000"
"1","2018-11-19T00:00:00.000+0000"
"16","2018-11-26T00:00:00.000+0000"
"11","2018-11-28T00:00:00.000+0000"
"3","2018-12-03T00:00:00.000+0000"
"7","2018-12-05T00:00:00.000+0000"
"20","2019-03-13T00:00:00.000+0000"
"17","2018-12-10T00:00:00.000+0000"
"14","2018-12-12T00:00:00.000+0000"
"13","2019-01-07T00:00:00.000+0000"
"38","2019-01-09T00:00:00.000+0000"
"25","2018-12-19T00:00:00.000+0000"
"6","2019-01-14T00:00:00.000+0000"
"15","2019-01-16T00:00:00.000+0000"
"2","2019-01-14T00:00:00.000+0000"
"16","2019-01-23T00:00:00.000+0000"
"4","2019-01-28T00:00:00.000+0000"
"4","2019-01-21T00:00:00.000+0000"
"1","2019-01-23T00:00:00.000+0000"
"1","2019-01-28T00:00:00.000+0000"
"9","2019-02-04T00:00:00.000+0000"
"1","2019-02-11T00:00:00.000+0000"
"2","2019-01-21T00:00:00.000+0000"
"6","2019-01-30T00:00:00.000+0000"
"13","2019-02-11T00:00:00.000+0000"
"19","2019-02-13T00:00:00.000+0000"
"20","2019-02-06T00:00:00.000+0000"
"13","2019-02-20T00:00:00.000+0000"
"1","2019-02-07T00:00:00.000+0000"
"11","2019-02-25T00:00:00.000+0000"
"5","2019-02-26T00:00:00.000+0000"
"13","2019-03-06T00:00:00.000+0000"
"22","2019-02-27T00:00:00.000+0000"
"1","2019-03-06T00:00:00.000+0000"
"7","2019-03-18T00:00:00.000+0000"
"1","2019-02-27T00:00:00.000+0000"
"1","2019-03-04T00:00:00.000+0000"
"4","2019-03-11T00:00:00.000+0000"
"10","2019-03-25T00:00:00.000+0000"
"1","2019-03-18T00:00:00.000+0000"
"5","2019-03-11T00:00:00.000+0000"
"10","2019-03-20T00:00:00.000+0000"
"8","2019-04-03T00:00:00.000+0000"
"24","2019-03-27T00:00:00.000+0000"
"3","2019-04-01T00:00:00.000+0000"
"12","2019-04-10T00:00:00.000+0000"
"1","2019-04-01T00:00:00.000+0000"
"2","2019-04-03T00:00:00.000+0000"
"3","2019-04-01T00:00:00.000+0000"
"2","2019-04-15T00:00:00.000+0000"
"4","2019-04-17T00:00:00.000+0000"
"-1","2019-02-20T00:00:00.000+0000"
"-1","2019-04-05T00:00:00.000+0000"
"-1","2019-04-17T00:00:00.000+0000"
"5","2015-10-07T00:00:00.000+0000"
"6","2015-10-14T00:00:00.000+0000"
"-1","2018-11-07T00:00:00.000+0000"
"-1","2019-05-22T00:00:00.000+0000"
"4","2024-10-23T00:00:00.000+0000"
"-1","2019-06-17T00:00:00.000+0000"
"-1","2019-08-05T00:00:00.000+0000"
"-1","2019-08-12T00:00:00.000+0000"
"-1","2019-08-21T00:00:00.000+0000"
"-1","2019-10-17T00:00:00.000+0000"
"0","2024-12-12T00:00:00.000+0000"
"0","2024-12-19T00:00:00.000+0000"
"0","2025-01-30T00:00:00.000+0000"
"0","2025-02-27T00:00:00.000+0000"
"0","2025-04-30T00:00:00.000+0000"
"0","2024-12-05T00:00:00.000+0000"
"0","2025-05-28T00:00:00.000+0000"
"0","2025-01-16T00:00:00.000+0000"
"0","2024-12-02T00:00:00.000+0000"
"0","2025-01-23T00:00:00.000+0000"
"0","2024-12-03T00:00:00.000+0000"
"0","2024-12-10T00:00:00.000+0000"
"0","2024-12-11T00:00:00.000+0000"
"0","2025-02-06T00:00:00.000+0000"
"0","2025-07-10T00:00:00.000+0000"
"0","2024-12-16T00:00:00.000+0000"
"0","2024-12-18T00:00:00.000+0000"
"0","2025-09-30T00:00:00.000+0000"
"0","2025-01-13T00:00:00.000+0000"
"0","2025-01-14T00:00:00.000+0000"
"0","2025-01-15T00:00:00.000+0000"
"0","2025-01-20T00:00:00.000+0000"
"0","2025-03-06T00:00:00.000+0000"
"0","2025-01-22T00:00:00.000+0000"
"0","2025-02-13T00:00:00.000+0000"
"0","2025-02-20T00:00:00.000+0000"
"0","2025-03-20T00:00:00.000+0000"
"0","2025-02-03T00:00:00.000+0000"
"0","2025-02-10T00:00:00.000+0000"
"0","2025-02-12T00:00:00.000+0000"
"0","2025-02-17T00:00:00.000+0000"
"0","2025-01-21T00:00:00.000+0000"
"0","2025-02-24T00:00:00.000+0000"
"0","2025-02-25T00:00:00.000+0000"
"0","2025-04-10T00:00:00.000+0000"
"0","2025-08-28T00:00:00.000+0000"
"0","2025-02-04T00:00:00.000+0000"
"0","2025-02-26T00:00:00.000+0000"
"0","2025-03-03T00:00:00.000+0000"
"0","2025-03-04T00:00:00.000+0000"
"0","2025-04-17T00:00:00.000+0000"
"0","2024-11-21T00:00:00.000+0000"
"2","2024-11-11T00:00:00.000+0000"
"2","2024-11-06T00:00:00.000+0000"
"4","2024-11-07T00:00:00.000+0000"
"3","2024-10-22T00:00:00.000+0000"
"18","2024-10-24T00:00:00.000+0000"
"6","2024-11-04T00:00:00.000+0000"
"6","2024-10-28T00:00:00.000+0000"
"1","2024-10-16T00:00:00.000+0000"
"4","2024-10-29T00:00:00.000+0000"
"8","2024-10-30T00:00:00.000+0000"
"11","2024-10-31T00:00:00.000+0000"
"2","2024-10-17T00:00:00.000+0000"
"2","2024-11-13T00:00:00.000+0000"
"17","2024-11-14T00:00:00.000+0000"
"0","2024-11-18T00:00:00.000+0000"
"0","2024-11-20T00:00:00.000+0000"
"1","2024-11-13T00:00:00.000+0000"
"0","2024-11-25T00:00:00.000+0000"
"0","2024-11-27T00:00:00.000+0000"
"0","2024-11-28T00:00:00.000+0000"
"40","2023-05-11T21:00:00.000+0000"
"40","2022-04-28T21:00:00.000+0000"
"1","2025-01-14T00:00:00.000+0000"
"4","2025-02-06T00:00:00.000+0000"
"2","2024-12-03T00:00:00.000+0000"
"1","2024-12-02T00:00:00.000+0000"
"2","2024-12-05T00:00:00.000+0000"
"2","2024-12-10T00:00:00.000+0000"
"5","2024-12-11T00:00:00.000+0000"
"3","2024-12-12T00:00:00.000+0000"
"1","2024-12-16T00:00:00.000+0000"
"1","2024-12-17T00:00:00.000+0000"
"2","2024-12-18T00:00:00.000+0000"
"18","2024-12-19T00:00:00.000+0000"
"1","2024-12-12T00:00:00.000+0000"
"2","2025-01-13T00:00:00.000+0000"
"8","2024-12-19T00:00:00.000+0000"
"13","2025-01-15T00:00:00.000+0000"
"18","2025-01-16T00:00:00.000+0000"
"10","2025-01-20T00:00:00.000+0000"
"13","2025-01-21T00:00:00.000+0000"
"5","2025-01-22T00:00:00.000+0000"
"2","2025-01-27T00:00:00.000+0000"
"2","2025-01-28T00:00:00.000+0000"
"8","2025-01-29T00:00:00.000+0000"
"2","2025-01-30T00:00:00.000+0000"
"2","2025-02-03T00:00:00.000+0000"
"9","2025-02-04T00:00:00.000+0000"
"4","2025-02-10T00:00:00.000+0000"
"1","2025-02-12T00:00:00.000+0000"
"1","2025-02-13T00:00:00.000+0000"
"1","2025-02-17T00:00:00.000+0000"
"8","2025-01-23T00:00:00.000+0000"
"5","2025-02-19T00:00:00.000+0000"
"4","2025-02-20T00:00:00.000+0000"
"1","2025-07-01T00:00:00.000+0000"
"2","2025-07-02T00:00:00.000+0000"
"2","2025-10-23T00:00:00.000+0000"
"1","2025-06-12T00:00:00.000+0000"
"1","2025-03-25T00:00:00.000+0000"
"1","2025-05-19T00:00:00.000+0000"
"1","2025-02-25T00:00:00.000+0000"
"1","2025-06-25T00:00:00.000+0000"
"1","2025-04-08T00:00:00.000+0000"
"13","2025-02-26T00:00:00.000+0000"
"1","2025-08-26T00:00:00.000+0000"
"0","2025-11-06T00:00:00.000+0000"
"13","2025-02-27T00:00:00.000+0000"
"1","2025-02-24T00:00:00.000+0000"
"4","2025-03-27T00:00:00.000+0000"
"4","2025-03-03T00:00:00.000+0000"
"1","2025-03-04T00:00:00.000+0000"
"9","2025-03-06T00:00:00.000+0000"
"3","2025-03-10T00:00:00.000+0000"
"2","2025-03-11T00:00:00.000+0000"
"2","2025-03-12T00:00:00.000+0000"
"5","2025-05-27T00:00:00.000+0000"
"4","2025-03-13T00:00:00.000+0000"
"3","2025-03-05T00:00:00.000+0000"
"1","2025-03-18T00:00:00.000+0000"
"3","2025-03-19T00:00:00.000+0000"
"2","2025-03-24T00:00:00.000+0000"
"2","2025-03-27T00:00:00.000+0000"
"4","2025-03-20T00:00:00.000+0000"
"1","2025-04-02T00:00:00.000+0000"
"1","2025-04-01T00:00:00.000+0000"
"1","2025-04-03T00:00:00.000+0000"
"3","2025-04-10T00:00:00.000+0000"
"15","2025-04-15T00:00:00.000+0000"
"2","2025-04-14T00:00:00.000+0000"
"1","2025-04-24T00:00:00.000+0000"
"3","2025-04-22T00:00:00.000+0000"
"1","2025-04-23T00:00:00.000+0000"
"1","2025-04-28T00:00:00.000+0000"
"1","2025-04-29T00:00:00.000+0000"
"1","2025-05-06T00:00:00.000+0000"
"8","2025-04-24T00:00:00.000+0000"
"2","2025-05-08T00:00:00.000+0000"
"1","2025-04-29T00:00:00.000+0000"
"2","2025-05-15T00:00:00.000+0000"
"1","2025-05-21T00:00:00.000+0000"
"2","2025-05-15T00:00:00.000+0000"
"10","2025-06-02T00:00:00.000+0000"
"2","2025-06-04T00:00:00.000+0000"
"1","2025-05-20T00:00:00.000+0000"
"2","2025-06-09T00:00:00.000+0000"
"1","2025-09-29T00:00:00.000+0000"
"1","2025-06-23T00:00:00.000+0000"
"1","2025-06-26T00:00:00.000+0000"
"2","2025-07-10T00:00:00.000+0000"
"1","2025-08-18T00:00:00.000+0000"
"2","2025-08-14T00:00:00.000+0000"
"2","2025-08-14T00:00:00.000+0000"
"2","2025-08-21T00:00:00.000+0000"
"2","2025-09-02T00:00:00.000+0000"
"2","2025-08-27T00:00:00.000+0000"
"1","2025-09-15T00:00:00.000+0000"
"1","2025-09-18T00:00:00.000+0000"
"1","2025-10-01T00:00:00.000+0000"
"2","2025-10-09T00:00:00.000+0000"
"1","2025-10-30T00:00:00.000+0000"
